lookback,hidden_size,num_layers,learning_rate,batch_size,epochs,train_rmse,test_rmse,test_mae,test_r2,training_time,trial_number
42,53,5,0.01032833974654988,37,75,0.23610967,0.1969237,0.1648927479982376,-0.05934441089630127,346.21114802360535,1
24,91,2,0.012759686136280085,19,230,0.2609746,0.21236986,0.16325265169143677,-0.23472845554351807,1840.78578042984,2
48,8,6,0.011196507183983264,45,52,0.062023714,0.070331246,0.048714540898799896,0.8647862672805786,2056.505075454712,3
