lookback,hidden_size,num_layers,learning_rate,batch_size,epochs,train_rmse,test_rmse,test_mae,test_r2,training_time,trial_number
42,53,5,0.01032833974654988,37,75,0.23610967,0.1969237,0.1648927479982376,-0.05934441089630127,346.21114802360535,1
24,91,2,0.012759686136280085,19,230,0.2609746,0.21236986,0.16325265169143677,-0.23472845554351807,1840.78578042984,2
48,8,6,0.011196507183983264,45,52,0.062023714,0.070331246,0.048714540898799896,0.8647862672805786,2056.505075454712,3
12,138,3,0.0012002827428180861,63,108,0.06240173,0.06951147,0.04639274999499321,0.8675671815872192,2319.3420836925507,4
12,161,3,0.046825215235985235,38,265,0.4870459,0.43677732,0.39287516474723816,-4.228808879852295,3324.6100704669952,5
42,120,1,0.039881595188046494,43,146,0.32417762,0.317107,0.24577170610427856,-1.7469632625579834,3730.700283765793,6
