lookback,hidden_size,num_layers,learning_rate,batch_size,epochs,train_rmse,test_rmse,test_mae,test_r2,training_time,trial_number
42,53,5,0.01032833974654988,37,75,0.23139217,0.21886162,0.19315333664417267,-0.3085203170776367,347.52350068092346,1
24,91,2,0.012759686136280085,19,230,0.23827146,0.2109573,0.15898267924785614,-0.21835780143737793,1765.2660052776337,2
48,8,6,0.011196507183983264,45,52,0.08128195,0.1409491,0.08910201489925385,0.4569387435913086,1967.777310848236,3
12,138,3,0.0012002827428180861,63,108,0.0580547,0.06603277,0.044218048453330994,0.8804907202720642,2216.2820687294006,4
12,161,3,0.046825215235985235,38,265,0.34255877,0.3816146,0.29595497250556946,-2.991467237472534,3163.7684609889984,5
